{
"lengthUnit": "mil",
"components": {
	"fields": ["COMPONENT_NO", "COMPONENT_NAME", "LAYER", "X_COORDINATE", "Y_COORDINATE", "ANGLE"],
	"rows": [
		[1, "RPI1", "T", 1590, -660, 0],
		[2, "U1", "T", -10, -485, 0],
		[3, "U2", "T", 2290, -460, 0]
	]
},
"pins": {
	"fields": ["PIN_NO", "PIN_NAME", "PIN_X", "PIN_Y", "LAYER", "PIN_TYPE", "NET_NAME", "NET_TYPE", "PAD_SHAPE", "PAD_SIZEX", "PAD_SIZEY", "HOLE_SIZE", "PAD_ANGLE"],
	"rows": [
		[1, "RPI1_1", 640.5, -708, "T", "DIP", "3V3", "", "R", 66.93, 66.93, 35.83, 0],
		[2, "RPI1_1", 640.5, -708, "B", "DIP", "3V3", "", "R", 66.93, 66.93, 35.83, 0],
		[3, "RPI1_2", 640.51, -608, "T", "DIP", "+5V", "", "C", 66.93, 66.93, 35.83, 0],
		[4, "RPI1_2", 640.51, -608, "B", "DIP", "+5V", "", "C", 66.93, 66.93, 35.83, 0],
		[5, "RPI1_3", 740.51, -708, "T", "DIP", "RPI1_3", "", "C", 66.93, 66.93, 35.83, 0],
		[6, "RPI1_3", 740.51, -708, "B", "DIP", "RPI1_3", "", "C", 66.93, 66.93, 35.83, 0],
		[7, "RPI1_4", 740.51, -608, "T", "DIP", "+5V", "", "C", 66.93, 66.93, 35.83, 0],
		[8, "RPI1_4", 740.51, -608, "B", "DIP", "+5V", "", "C", 66.93, 66.93, 35.83, 0],
		[9, "RPI1_5", 840.51, -708, "T", "DIP", "RPI1_5", "", "C", 66.93, 66.93, 35.83, 0],
		[10, "RPI1_5", 840.51, -708, "B", "DIP", "RPI1_5", "", "C", 66.93, 66.93, 35.83, 0],
		[11, "RPI1_6", 840.51, -608, "T", "DIP", "GND", "GND", "C", 66.93, 66.93, 35.83, 0],
		[12, "RPI1_6", 840.51, -608, "B", "DIP", "GND", "GND", "C", 66.93, 66.93, 35.83, 0],
		[13, "RPI1_7", 940.51, -708, "T", "DIP", "RPI1_7", "", "C", 66.93, 66.93, 35.83, 0],
		[14, "RPI1_7", 940.51, -708, "B", "DIP", "RPI1_7", "", "C", 66.93, 66.93, 35.83, 0],
		[15, "RPI1_8", 940.51, -608, "T", "DIP", "TX", "", "C", 66.93, 66.93, 35.83, 0],
		[16, "RPI1_8", 940.51, -608, "B", "DIP", "TX", "", "C", 66.93, 66.93, 35.83, 0],
		[17, "RPI1_9", 1040.51, -708, "T", "DIP", "GND", "GND", "C", 66.93, 66.93, 35.83, 0],
		[18, "RPI1_9", 1040.51, -708, "B", "DIP", "GND", "GND", "C", 66.93, 66.93, 35.83, 0],
		[19, "RPI1_10", 1040.51, -608, "T", "DIP", "RX", "", "C", 66.93, 66.93, 35.83, 0],
		[20, "RPI1_10", 1040.51, -608, "B", "DIP", "RX", "", "C", 66.93, 66.93, 35.83, 0],
		[21, "RPI1_11", 1140.51, -708, "T", "DIP", "RPI1_11", "", "C", 66.93, 66.93, 35.83, 0],
		[22, "RPI1_11", 1140.51, -708, "B", "DIP", "RPI1_11", "", "C", 66.93, 66.93, 35.83, 0],
		[23, "RPI1_12", 1140.51, -608, "T", "DIP", "SCK", "", "C", 66.93, 66.93, 35.83, 0],
		[24, "RPI1_12", 1140.51, -608, "B", "DIP", "SCK", "", "C", 66.93, 66.93, 35.83, 0],
		[25, "RPI1_13", 1240.5, -708, "T", "DIP", "RPI1_13", "", "C", 66.93, 66.93, 35.83, 0],
		[26, "RPI1_13", 1240.5, -708, "B", "DIP", "RPI1_13", "", "C", 66.93, 66.93, 35.83, 0],
		[27, "RPI1_14", 1240.51, -608, "T", "DIP", "GND", "GND", "C", 66.93, 66.93, 35.83, 0],
		[28, "RPI1_14", 1240.51, -608, "B", "DIP", "GND", "GND", "C", 66.93, 66.93, 35.83, 0],
		[29, "RPI1_15", 1340.51, -708, "T", "DIP", "RPI1_15", "", "C", 66.93, 66.93, 35.83, 0],
		[30, "RPI1_15", 1340.51, -708, "B", "DIP", "RPI1_15", "", "C", 66.93, 66.93, 35.83, 0],
		[31, "RPI1_16", 1340.51, -608, "T", "DIP", "RPI1_16", "", "C", 66.93, 66.93, 35.83, 0],
		[32, "RPI1_16", 1340.51, -608, "B", "DIP", "RPI1_16", "", "C", 66.93, 66.93, 35.83, 0],
		[33, "RPI1_17", 1440.51, -708, "T", "DIP", "3V3", "", "C", 66.93, 66.93, 35.83, 0],
		[34, "RPI1_17", 1440.51, -708, "B", "DIP", "3V3", "", "C", 66.93, 66.93, 35.83, 0],
		[35, "RPI1_18", 1440.51, -608, "T", "DIP", "RPI1_18", "", "C", 66.93, 66.93, 35.83, 0],
		[36, "RPI1_18", 1440.51, -608, "B", "DIP", "RPI1_18", "", "C", 66.93, 66.93, 35.83, 0],
		[37, "RPI1_19", 1540.5, -708, "T", "DIP", "RPI1_19", "", "C", 66.93, 66.93, 35.83, 0],
		[38, "RPI1_19", 1540.5, -708, "B", "DIP", "RPI1_19", "", "C", 66.93, 66.93, 35.83, 0],
		[39, "RPI1_20", 1540.51, -608, "T", "DIP", "GND", "GND", "C", 66.93, 66.93, 35.83, 0],
		[40, "RPI1_20", 1540.51, -608, "B", "DIP", "GND", "GND", "C", 66.93, 66.93, 35.83, 0],
		[41, "RPI1_21", 1640.51, -708, "T", "DIP", "RPI1_21", "", "C", 66.93, 66.93, 35.83, 0],
		[42, "RPI1_21", 1640.51, -708, "B", "DIP", "RPI1_21", "", "C", 66.93, 66.93, 35.83, 0],
		[43, "RPI1_22", 1640.51, -608, "T", "DIP", "RPI1_22", "", "C", 66.93, 66.93, 35.83, 0],
		[44, "RPI1_22", 1640.51, -608, "B", "DIP", "RPI1_22", "", "C", 66.93, 66.93, 35.83, 0],
		[45, "RPI1_23", 1740.51, -708, "T", "DIP", "RPI1_23", "", "C", 66.93, 66.93, 35.83, 0],
		[46, "RPI1_23", 1740.51, -708, "B", "DIP", "RPI1_23", "", "C", 66.93, 66.93, 35.83, 0],
		[47, "RPI1_24", 1740.51, -608, "T", "DIP", "RPI1_24", "", "C", 66.93, 66.93, 35.83, 0],
		[48, "RPI1_24", 1740.51, -608, "B", "DIP", "RPI1_24", "", "C", 66.93, 66.93, 35.83, 0],
		[49, "RPI1_25", 1840.51, -708, "T", "DIP", "GND", "GND", "C", 66.93, 66.93, 35.83, 0],
		[50, "RPI1_25", 1840.51, -708, "B", "DIP", "GND", "GND", "C", 66.93, 66.93, 35.83, 0],
		[51, "RPI1_26", 1840.51, -608, "T", "DIP", "RPI1_26", "", "C", 66.93, 66.93, 35.83, 0],
		[52, "RPI1_26", 1840.51, -608, "B", "DIP", "RPI1_26", "", "C", 66.93, 66.93, 35.83, 0],
		[53, "RPI1_27", 1940.51, -708, "T", "DIP", "RPI1_27", "", "C", 66.93, 66.93, 35.83, 0],
		[54, "RPI1_27", 1940.51, -708, "B", "DIP", "RPI1_27", "", "C", 66.93, 66.93, 35.83, 0],
		[55, "RPI1_28", 1940.51, -608, "T", "DIP", "RPI1_28", "", "C", 66.93, 66.93, 35.83, 0],
		[56, "RPI1_28", 1940.51, -608, "B", "DIP", "RPI1_28", "", "C", 66.93, 66.93, 35.83, 0],
		[57, "RPI1_29", 2040.51, -708, "T", "DIP", "RPI1_29", "", "C", 66.93, 66.93, 35.83, 0],
		[58, "RPI1_29", 2040.51, -708, "B", "DIP", "RPI1_29", "", "C", 66.93, 66.93, 35.83, 0],
		[59, "RPI1_30", 2040.51, -608, "T", "DIP", "GND", "GND", "C", 66.93, 66.93, 35.83, 0],
		[60, "RPI1_30", 2040.51, -608, "B", "DIP", "GND", "GND", "C", 66.93, 66.93, 35.83, 0],
		[61, "RPI1_31", 2140.51, -708, "T", "DIP", "RPI1_31", "", "C", 66.93, 66.93, 35.83, 0],
		[62, "RPI1_31", 2140.51, -708, "B", "DIP", "RPI1_31", "", "C", 66.93, 66.93, 35.83, 0],
		[63, "RPI1_32", 2140.51, -608, "T", "DIP", "LED", "", "C", 66.93, 66.93, 35.83, 0],
		[64, "RPI1_32", 2140.51, -608, "B", "DIP", "LED", "", "C", 66.93, 66.93, 35.83, 0],
		[65, "RPI1_33", 2240.51, -708, "T", "DIP", "RPI1_33", "", "C", 66.93, 66.93, 35.83, 0],
		[66, "RPI1_33", 2240.51, -708, "B", "DIP", "RPI1_33", "", "C", 66.93, 66.93, 35.83, 0],
		[67, "RPI1_34", 2240.51, -608, "T", "DIP", "GND", "GND", "C", 66.93, 66.93, 35.83, 0],
		[68, "RPI1_34", 2240.51, -608, "B", "DIP", "GND", "GND", "C", 66.93, 66.93, 35.83, 0],
		[69, "RPI1_35", 2340.51, -708, "T", "DIP", "WS", "", "C", 66.93, 66.93, 35.83, 0],
		[70, "RPI1_35", 2340.51, -708, "B", "DIP", "WS", "", "C", 66.93, 66.93, 35.83, 0],
		[71, "RPI1_36", 2340.51, -608, "T", "DIP", "RPI1_36", "", "C", 66.93, 66.93, 35.83, 0],
		[72, "RPI1_36", 2340.51, -608, "B", "DIP", "RPI1_36", "", "C", 66.93, 66.93, 35.83, 0],
		[73, "RPI1_37", 2440.51, -708, "T", "DIP", "BUZZER", "", "C", 66.93, 66.93, 35.83, 0],
		[74, "RPI1_37", 2440.51, -708, "B", "DIP", "BUZZER", "", "C", 66.93, 66.93, 35.83, 0],
		[75, "RPI1_38", 2440.51, -608, "T", "DIP", "DO", "", "C", 66.93, 66.93, 35.83, 0],
		[76, "RPI1_38", 2440.51, -608, "B", "DIP", "DO", "", "C", 66.93, 66.93, 35.83, 0],
		[77, "RPI1_39", 2540.51, -708, "T", "DIP", "GND", "GND", "C", 66.93, 66.93, 35.83, 0],
		[78, "RPI1_39", 2540.51, -708, "B", "DIP", "GND", "GND", "C", 66.93, 66.93, 35.83, 0],
		[79, "RPI1_40", 2540.51, -608, "T", "DIP", "SEL", "", "C", 66.93, 66.93, 35.83, 0],
		[80, "RPI1_40", 2540.51, -608, "B", "DIP", "SEL", "", "C", 66.93, 66.93, 35.83, 0],
		[81, "U1_1", -110, -185, "T", "DIP", "GND", "GND", "C", 60, 60, 36, 0],
		[82, "U1_1", -110, -185, "B", "DIP", "GND", "GND", "C", 60, 60, 36, 0],
		[83, "U1_2", -110, -285, "T", "DIP", "3V3", "", "C", 60, 60, 36, 0],
		[84, "U1_2", -110, -285, "B", "DIP", "3V3", "", "C", 60, 60, 36, 0],
		[85, "U1_3", -110, -385, "T", "DIP", "WS", "", "C", 60, 60, 36, 0],
		[86, "U1_3", -110, -385, "B", "DIP", "WS", "", "C", 60, 60, 36, 0],
		[87, "U1_4", -110, -485, "T", "DIP", "SEL", "", "C", 60, 60, 36, 0],
		[88, "U1_4", -110, -485, "B", "DIP", "SEL", "", "C", 60, 60, 36, 0],
		[89, "U1_5", -110, -585, "T", "DIP", "SCK", "", "C", 60, 60, 36, 0],
		[90, "U1_5", -110, -585, "B", "DIP", "SCK", "", "C", 60, 60, 36, 0],
		[91, "U1_6", -110, -685, "T", "DIP", "DO", "", "C", 60, 60, 36, 0],
		[92, "U1_6", -110, -685, "B", "DIP", "DO", "", "C", 60, 60, 36, 0],
		[93, "U2_1", 2040, -460, "T", "DIP", "TX", "", "R", 66.93, 66.93, 43.31, 0],
		[94, "U2_1", 2040, -460, "B", "DIP", "TX", "", "R", 66.93, 66.93, 43.31, 0],
		[95, "U2_2", 2140, -460, "T", "DIP", "RX", "", "C", 66.93, 66.93, 43.31, 0],
		[96, "U2_2", 2140, -460, "B", "DIP", "RX", "", "C", 66.93, 66.93, 43.31, 0],
		[97, "U2_3", 2240, -460, "T", "DIP", "LED", "", "C", 66.93, 66.93, 43.31, 0],
		[98, "U2_3", 2240, -460, "B", "DIP", "LED", "", "C", 66.93, 66.93, 43.31, 0],
		[99, "U2_4", 2340, -460, "T", "DIP", "BUZZER", "", "C", 66.93, 66.93, 43.31, 0],
		[100, "U2_4", 2340, -460, "B", "DIP", "BUZZER", "", "C", 66.93, 66.93, 43.31, 0],
		[101, "U2_5", 2440, -460, "T", "DIP", "+5V", "", "C", 66.93, 66.93, 43.31, 0],
		[102, "U2_5", 2440, -460, "B", "DIP", "+5V", "", "C", 66.93, 66.93, 43.31, 0],
		[103, "U2_6", 2540, -460, "T", "DIP", "GND", "GND", "C", 66.93, 66.93, 43.31, 0],
		[104, "U2_6", 2540, -460, "B", "DIP", "GND", "GND", "C", 66.93, 66.93, 43.31, 0]
	]
}
}