{
"lengthUnit": "mil",
"components": {
	"fields": ["COMPONENT_NO", "COMPONENT_NAME", "LAYER", "X_COORDINATE", "Y_COORDINATE", "ANGLE"],
	"rows": [
		[1, "CI1", "T", 215, -1165, 90],
		[2, "GYRO", "T", 555, -1655, 270],
		[3, "SCREEN", "T", 2665, -1805, 0],
		[4, "U1", "T", 1085, -160, 270],
		[5, "U2", "T", 440, -195, 0],
		[6, "PAD1", "T", 531.93, 125, 0],
		[7, "PAD1", "B", 531.93, 125, 0],
		[8, "PAD2", "T", 631.93, 125, 0],
		[9, "PAD2", "B", 631.93, 125, 0],
		[10, "PAD3", "T", 731.93, 125, 0],
		[11, "PAD3", "B", 731.93, 125, 0],
		[12, "PAD4", "T", 3210, 125, 0],
		[13, "PAD4", "B", 3210, 125, 0],
		[14, "PAD5", "T", 3310, 125, 0],
		[15, "PAD5", "B", 3310, 125, 0],
		[16, "PAD6", "T", 3410, 125, 0],
		[17, "PAD6", "B", 3410, 125, 0],
		[18, "PAD7", "T", 540, -2155, 0],
		[19, "PAD7", "B", 540, -2155, 0],
		[20, "PAD8", "T", 640, -2155, 0],
		[21, "PAD8", "B", 640, -2155, 0],
		[22, "PAD9", "T", 740, -2155, 0],
		[23, "PAD9", "B", 740, -2155, 0],
		[24, "PAD10", "T", 3210, -2155, 0],
		[25, "PAD10", "B", 3210, -2155, 0],
		[26, "PAD11", "T", 3310, -2155, 0],
		[27, "PAD11", "B", 3310, -2155, 0],
		[28, "PAD12", "T", 3410, -2155, 0],
		[29, "PAD12", "B", 3410, -2155, 0]
	]
},
"pins": {
	"fields": ["PIN_NO", "PIN_NAME", "PIN_X", "PIN_Y", "LAYER", "PIN_TYPE", "NET_NAME", "NET_TYPE", "PAD_SHAPE", "PAD_SIZEX", "PAD_SIZEY", "HOLE_SIZE", "PAD_ANGLE"],
	"rows": [
		[1, "CI1_1", 215, -1165, "T", "DIP", "MISO", "", "C", 66.93, 66.93, 43.31, 270],
		[2, "CI1_1", 215, -1165, "B", "DIP", "MISO", "", "C", 66.93, 66.93, 43.31, 270],
		[3, "CI1_2", 315, -1165, "T", "DIP", "MOSI", "", "C", 66.93, 66.93, 43.31, 270],
		[4, "CI1_2", 315, -1165, "B", "DIP", "MOSI", "", "C", 66.93, 66.93, 43.31, 270],
		[5, "CI1_3", 415, -1165, "T", "DIP", "CS_GYRO", "", "C", 66.93, 66.93, 43.31, 270],
		[6, "CI1_3", 415, -1165, "B", "DIP", "CS_GYRO", "", "C", 66.93, 66.93, 43.31, 270],
		[7, "CI1_4", 515, -1165, "T", "DIP", "DC", "", "C", 66.93, 66.93, 43.31, 270],
		[8, "CI1_4", 515, -1165, "B", "DIP", "DC", "", "C", 66.93, 66.93, 43.31, 270],
		[9, "CI1_5", 615, -1165, "T", "DIP", "RESET", "", "C", 66.93, 66.93, 43.31, 270],
		[10, "CI1_5", 615, -1165, "B", "DIP", "RESET", "", "C", 66.93, 66.93, 43.31, 270],
		[11, "CI1_6", 715, -1165, "T", "DIP", "CS_SCREEN", "", "C", 66.93, 66.93, 43.31, 270],
		[12, "CI1_6", 715, -1165, "B", "DIP", "CS_SCREEN", "", "C", 66.93, 66.93, 43.31, 270],
		[13, "CI1_7", 815, -1165, "T", "DIP", "CI1_7", "", "C", 66.93, 66.93, 43.31, 270],
		[14, "CI1_7", 815, -1165, "B", "DIP", "CI1_7", "", "C", 66.93, 66.93, 43.31, 270],
		[15, "CI1_8", 915, -1165, "T", "DIP", "CI1_8", "", "C", 66.93, 66.93, 43.31, 270],
		[16, "CI1_8", 915, -1165, "B", "DIP", "CI1_8", "", "C", 66.93, 66.93, 43.31, 270],
		[17, "CI1_9", 915, -565, "T", "DIP", "TX", "", "C", 66.93, 66.93, 43.31, 270],
		[18, "CI1_9", 915, -565, "B", "DIP", "TX", "", "C", 66.93, 66.93, 43.31, 270],
		[19, "CI1_10", 815, -565, "T", "DIP", "RX", "", "C", 66.93, 66.93, 43.31, 270],
		[20, "CI1_10", 815, -565, "B", "DIP", "RX", "", "C", 66.93, 66.93, 43.31, 270],
		[21, "CI1_11", 715, -565, "T", "DIP", "BUZZER", "", "C", 66.93, 66.93, 43.31, 270],
		[22, "CI1_11", 715, -565, "B", "DIP", "BUZZER", "", "C", 66.93, 66.93, 43.31, 270],
		[23, "CI1_12", 615, -565, "T", "DIP", "CI1_12", "", "C", 66.93, 66.93, 43.31, 270],
		[24, "CI1_12", 615, -565, "B", "DIP", "CI1_12", "", "C", 66.93, 66.93, 43.31, 270],
		[25, "CI1_13", 515, -565, "T", "DIP", "CLK", "", "C", 66.93, 66.93, 43.31, 270],
		[26, "CI1_13", 515, -565, "B", "DIP", "CLK", "", "C", 66.93, 66.93, 43.31, 270],
		[27, "CI1_14", 415, -565, "T", "DIP", "3V3", "", "C", 66.93, 66.93, 43.31, 270],
		[28, "CI1_14", 415, -565, "B", "DIP", "3V3", "", "C", 66.93, 66.93, 43.31, 270],
		[29, "CI1_15", 315, -565, "T", "DIP", "GND", "GND", "C", 66.93, 66.93, 43.31, 270],
		[30, "CI1_15", 315, -565, "B", "DIP", "GND", "GND", "C", 66.93, 66.93, 43.31, 270],
		[31, "CI1_16", 215, -565, "T", "DIP", "+5V", "", "C", 66.93, 66.93, 43.31, 270],
		[32, "CI1_16", 215, -565, "B", "DIP", "+5V", "", "C", 66.93, 66.93, 43.31, 270],
		[33, "GYRO_1", 855, -1455, "T", "DIP", "GYRO_1", "", "C", 60, 60, 36, 270],
		[34, "GYRO_1", 855, -1455, "B", "DIP", "GYRO_1", "", "C", 60, 60, 36, 270],
		[35, "GYRO_2", 755, -1455, "T", "DIP", "3V3", "", "C", 60, 60, 36, 270],
		[36, "GYRO_2", 755, -1455, "B", "DIP", "3V3", "", "C", 60, 60, 36, 270],
		[37, "GYRO_3", 655, -1455, "T", "DIP", "GND", "GND", "C", 60, 60, 36, 270],
		[38, "GYRO_3", 655, -1455, "B", "DIP", "GND", "GND", "C", 60, 60, 36, 270],
		[39, "GYRO_4", 555, -1455, "T", "DIP", "CLK", "", "C", 60, 60, 36, 270],
		[40, "GYRO_4", 555, -1455, "B", "DIP", "CLK", "", "C", 60, 60, 36, 270],
		[41, "GYRO_5", 455, -1455, "T", "DIP", "MOSI", "", "C", 60, 60, 36, 270],
		[42, "GYRO_5", 455, -1455, "B", "DIP", "MOSI", "", "C", 60, 60, 36, 270],
		[43, "GYRO_6", 355, -1455, "T", "DIP", "CS_GYRO", "", "C", 60, 60, 36, 270],
		[44, "GYRO_6", 355, -1455, "B", "DIP", "CS_GYRO", "", "C", 60, 60, 36, 270],
		[45, "GYRO_7", 255, -1455, "T", "DIP", "MISO", "", "C", 60, 60, 36, 270],
		[46, "GYRO_7", 255, -1455, "B", "DIP", "MISO", "", "C", 60, 60, 36, 270],
		[47, "GYRO_8", 755, -1855, "T", "DIP", "GYRO_8", "", "C", 60, 60, 36, 270],
		[48, "GYRO_8", 755, -1855, "B", "DIP", "GYRO_8", "", "C", 60, 60, 36, 270],
		[49, "GYRO_9", 655, -1855, "T", "DIP", "GYRO_9", "", "C", 60, 60, 36, 270],
		[50, "GYRO_9", 655, -1855, "B", "DIP", "GYRO_9", "", "C", 60, 60, 36, 270],
		[51, "GYRO_10", 555, -1855, "T", "DIP", "GYRO_10", "", "C", 60, 60, 36, 270],
		[52, "GYRO_10", 555, -1855, "B", "DIP", "GYRO_10", "", "C", 60, 60, 36, 270],
		[53, "GYRO_11", 455, -1855, "T", "DIP", "GYRO_11", "", "C", 60, 60, 36, 270],
		[54, "GYRO_11", 455, -1855, "B", "DIP", "GYRO_11", "", "C", 60, 60, 36, 270],
		[55, "GYRO_12", 355, -1855, "T", "DIP", "GYRO_12", "", "C", 60, 60, 36, 270],
		[56, "GYRO_12", 355, -1855, "B", "DIP", "GYRO_12", "", "C", 60, 60, 36, 270],
		[57, "SCREEN_1", 2465, -1755, "T", "DIP", "GND", "GND", "C", 60, 60, 36, 0],
		[58, "SCREEN_1", 2465, -1755, "B", "DIP", "GND", "GND", "C", 60, 60, 36, 0],
		[59, "SCREEN_2", 2465, -1855, "T", "DIP", "3V3", "", "C", 60, 60, 36, 0],
		[60, "SCREEN_2", 2465, -1855, "B", "DIP", "3V3", "", "C", 60, 60, 36, 0],
		[61, "SCREEN_3", 2565, -1755, "T", "DIP", "DC", "", "C", 60, 60, 36, 0],
		[62, "SCREEN_3", 2565, -1755, "B", "DIP", "DC", "", "C", 60, 60, 36, 0],
		[63, "SCREEN_4", 2565, -1855, "T", "DIP", "CLK", "", "C", 60, 60, 36, 0],
		[64, "SCREEN_4", 2565, -1855, "B", "DIP", "CLK", "", "C", 60, 60, 36, 0],
		[65, "SCREEN_5", 2665, -1755, "T", "DIP", "RESET", "", "C", 60, 60, 36, 0],
		[66, "SCREEN_5", 2665, -1755, "B", "DIP", "RESET", "", "C", 60, 60, 36, 0],
		[67, "SCREEN_6", 2665, -1855, "T", "DIP", "MOSI", "", "C", 60, 60, 36, 0],
		[68, "SCREEN_6", 2665, -1855, "B", "DIP", "MOSI", "", "C", 60, 60, 36, 0],
		[69, "SCREEN_7", 2765, -1755, "T", "DIP", "CS_SCREEN", "", "C", 60, 60, 36, 0],
		[70, "SCREEN_7", 2765, -1755, "B", "DIP", "CS_SCREEN", "", "C", 60, 60, 36, 0],
		[71, "SCREEN_8", 2765, -1855, "T", "DIP", "SCREEN_8", "", "C", 60, 60, 36, 0],
		[72, "SCREEN_8", 2765, -1855, "B", "DIP", "SCREEN_8", "", "C", 60, 60, 36, 0],
		[73, "SCREEN_9", 2865, -1755, "T", "DIP", "SCREEN_9", "", "C", 60, 60, 36, 0],
		[74, "SCREEN_9", 2865, -1755, "B", "DIP", "SCREEN_9", "", "C", 60, 60, 36, 0],
		[75, "SCREEN_10", 2865, -1855, "T", "DIP", "SCREEN_10", "", "C", 60, 60, 36, 0],
		[76, "SCREEN_10", 2865, -1855, "B", "DIP", "SCREEN_10", "", "C", 60, 60, 36, 0],
		[77, "U1_1", 1085, -61.57, "T", "DIP", "3V3", "", "C", 60, 60, 36, 270],
		[78, "U1_1", 1085, -61.57, "B", "DIP", "3V3", "", "C", 60, 60, 36, 270],
		[79, "U1_2", 1085, -258.43, "T", "DIP", "BUZZER", "", "C", 60, 60, 36, 270],
		[80, "U1_2", 1085, -258.43, "B", "DIP", "BUZZER", "", "C", 60, 60, 36, 270],
		[81, "U2_1", 190, -195, "T", "DIP", "RX", "", "R", 66.93, 66.93, 43.31, 0],
		[82, "U2_1", 190, -195, "B", "DIP", "RX", "", "R", 66.93, 66.93, 43.31, 0],
		[83, "U2_2", 290, -195, "T", "DIP", "TX", "", "C", 66.93, 66.93, 43.31, 0],
		[84, "U2_2", 290, -195, "B", "DIP", "TX", "", "C", 66.93, 66.93, 43.31, 0],
		[85, "U2_3", 390, -195, "T", "DIP", "LED", "", "C", 66.93, 66.93, 43.31, 0],
		[86, "U2_3", 390, -195, "B", "DIP", "LED", "", "C", 66.93, 66.93, 43.31, 0],
		[87, "U2_4", 490, -195, "T", "DIP", "BUZZER", "", "C", 66.93, 66.93, 43.31, 0],
		[88, "U2_4", 490, -195, "B", "DIP", "BUZZER", "", "C", 66.93, 66.93, 43.31, 0],
		[89, "U2_5", 590, -195, "T", "DIP", "+5V", "", "C", 66.93, 66.93, 43.31, 0],
		[90, "U2_5", 590, -195, "B", "DIP", "+5V", "", "C", 66.93, 66.93, 43.31, 0],
		[91, "U2_6", 690, -195, "T", "DIP", "GND", "GND", "C", 66.93, 66.93, 43.31, 0],
		[92, "U2_6", 690, -195, "B", "DIP", "GND", "GND", "C", 66.93, 66.93, 43.31, 0],
		[93, "PAD1_1", 531.93, 125, "T", "DIP", "+5V", "", "C", 66.93, 66.93, 43.31, 0],
		[94, "PAD1_1", 531.93, 125, "B", "DIP", "+5V", "", "C", 66.93, 66.93, 43.31, 0],
		[95, "PAD2_1", 631.93, 125, "T", "DIP", "LED", "", "C", 66.93, 66.93, 43.31, 0],
		[96, "PAD2_1", 631.93, 125, "B", "DIP", "LED", "", "C", 66.93, 66.93, 43.31, 0],
		[97, "PAD3_1", 731.93, 125, "T", "DIP", "GND", "GND", "C", 66.93, 66.93, 43.31, 0],
		[98, "PAD3_1", 731.93, 125, "B", "DIP", "GND", "GND", "C", 66.93, 66.93, 43.31, 0],
		[99, "PAD4_1", 3210, 125, "T", "DIP", "+5V", "", "C", 66.93, 66.93, 43.31, 0],
		[100, "PAD4_1", 3210, 125, "B", "DIP", "+5V", "", "C", 66.93, 66.93, 43.31, 0],
		[101, "PAD5_1", 3310, 125, "T", "DIP", "LED", "", "C", 66.93, 66.93, 43.31, 0],
		[102, "PAD5_1", 3310, 125, "B", "DIP", "LED", "", "C", 66.93, 66.93, 43.31, 0],
		[103, "PAD6_1", 3410, 125, "T", "DIP", "GND", "GND", "C", 66.93, 66.93, 43.31, 0],
		[104, "PAD6_1", 3410, 125, "B", "DIP", "GND", "GND", "C", 66.93, 66.93, 43.31, 0],
		[105, "PAD7_1", 540, -2155, "T", "DIP", "+5V", "", "C", 66.93, 66.93, 43.31, 0],
		[106, "PAD7_1", 540, -2155, "B", "DIP", "+5V", "", "C", 66.93, 66.93, 43.31, 0],
		[107, "PAD8_1", 640, -2155, "T", "DIP", "LED", "", "C", 66.93, 66.93, 43.31, 0],
		[108, "PAD8_1", 640, -2155, "B", "DIP", "LED", "", "C", 66.93, 66.93, 43.31, 0],
		[109, "PAD9_1", 740, -2155, "T", "DIP", "GND", "GND", "C", 66.93, 66.93, 43.31, 0],
		[110, "PAD9_1", 740, -2155, "B", "DIP", "GND", "GND", "C", 66.93, 66.93, 43.31, 0],
		[111, "PAD10_1", 3210, -2155, "T", "DIP", "+5V", "", "C", 66.93, 66.93, 43.31, 0],
		[112, "PAD10_1", 3210, -2155, "B", "DIP", "+5V", "", "C", 66.93, 66.93, 43.31, 0],
		[113, "PAD11_1", 3310, -2155, "T", "DIP", "LED", "", "C", 66.93, 66.93, 43.31, 0],
		[114, "PAD11_1", 3310, -2155, "B", "DIP", "LED", "", "C", 66.93, 66.93, 43.31, 0],
		[115, "PAD12_1", 3410, -2155, "T", "DIP", "GND", "GND", "C", 66.93, 66.93, 43.31, 0],
		[116, "PAD12_1", 3410, -2155, "B", "DIP", "GND", "GND", "C", 66.93, 66.93, 43.31, 0]
	]
}
}